{
  "delta": 0.528,
  "p_with": [
    0.751625,
    0.248375
  ],
  "p_without": [
    0.487625,
    0.512375
  ]
}